Keyword,TF-IDF Score
chance,0.195698422
get,0.163082018
jaw,0.163082018
time,0.163082018
cash,0.130465615
cub,0.130465615
ground,0.130465615
nose,0.130465615
prey,0.130465615
theyll,0.130465615
busily,0.097849211
carpeted,0.097849211
chase,0.097849211
clear,0.097849211
colony,0.097849211
